Covid19,CyberAttack
0,0.0
0,-0.5
0,-0.2857142857142857
0,-0.2857142857142857
0,0.014285714285714346
0,0.5571428571428573
0,0.5571428571428573
0,0.47380952380952396
0,0.47380952380952396
0,0.5794913419913421
0,0.979491341991342
0,0.979491341991342
0,0.979491341991342
0,0.979491341991342
0,0.929491341991342
0,0.929491341991342
0,0.854491341991342
0,0.854491341991342
0,0.9908549783549784
0,0.9908549783549784
0,0.9908549783549784
0,1.4908549783549785
0,1.4908549783549785
0,1.0908549783549786
0,1.0908549783549786
0,1.2272186147186148
0,1.2272186147186148
0,1.2272186147186148
0,1.2272186147186148
0,1.2272186147186148
0,1.2272186147186148
0,1.2272186147186148
0,1.3772186147186147
0,1.3772186147186147
0,1.5647186147186147
0,1.5647186147186147
0,1.5647186147186147
0,1.5647186147186147
0,1.5647186147186147
0,1.5647186147186147
0,1.5647186147186147
0,1.5647186147186147
0,2.0647186147186147
0,2.0647186147186147
0,2.0647186147186147
0,2.0647186147186147
0,2.0647186147186147
0,2.6075757575757574
0,2.6075757575757574
0,2.6075757575757574
0,2.6075757575757574
0,2.7439393939393937
0,2.7439393939393937
0,2.6439393939393936
0,2.727272727272727
0,3.197272727272727
0,3.397272727272727
0,3.397272727272727
0,3.397272727272727
0,3.497272727272727
0,3.497272727272727
0,3.497272727272727
0,3.610909090909091
0,4.110909090909091
0,4.210909090909091
0,4.210909090909091
0.0,4.210909090909091
0.0,4.210909090909091
0.0,4.279090909090909
0.0,4.779090909090909
0.0,4.779090909090909
0.0,4.445757575757576
0.0,4.445757575757576
0.0,4.445757575757576
0.0,4.779090909090909
0.0,4.779090909090909
0.0,4.654090909090909
0.0,4.854659090909091
0.0,4.854659090909091
0.0,4.654659090909091
0.0,4.8213257575757575
0.0,4.8213257575757575
0.0,4.8213257575757575
0.0,4.889507575757576
0.0,4.889507575757576
0.0,4.889507575757576
0.0,5.432364718614719
0.0,5.932364718614719
0.0,5.8123647186147185
0.0,5.8123647186147185
0.0,5.8123647186147185
0.0,6.032364718614718
0.0,5.932364718614719
0.0,5.932364718614719
0.0,5.932364718614719
0.0,5.932364718614719
0.2333333333333333,5.932364718614719
0.2333333333333333,6.267591991341991
0.2333333333333333,7.067591991341991
0.2333333333333333,7.067591991341991
0.2333333333333333,7.234258658008658
0.2333333333333333,6.984258658008658
0.2333333333333333,6.984258658008658
0.2333333333333333,6.984258658008658
0.2333333333333333,7.328703102453102
0.2333333333333333,7.495369769119769
0.2333333333333333,7.495369769119769
0.2333333333333333,7.495369769119769
0.2333333333333333,7.945369769119769
0.2333333333333333,8.345369769119769
0.2333333333333333,8.345369769119769
0.2333333333333333,8.345369769119769
0.2333333333333333,8.345369769119769
0.2333333333333333,8.345369769119769
0.2333333333333333,8.345369769119769
0.2333333333333333,8.745369769119769
0.2333333333333333,9.078703102453103
0.2333333333333333,9.078703102453103
0.2333333333333333,8.878703102453104
0.2333333333333333,8.978703102453103
0.2333333333333333,8.978703102453103
0.2333333333333333,8.978703102453103
0.2333333333333333,8.978703102453103
0.2333333333333333,9.103703102453103
0.2333333333333333,9.128703102453104
0.2333333333333333,9.128703102453104
0.2333333333333333,9.128703102453104
0.2333333333333333,9.128703102453104
0.2333333333333333,9.128703102453104
0.2333333333333333,9.128703102453104
0.2333333333333333,9.128703102453104
0.2333333333333333,9.128703102453104
0.2333333333333333,9.628703102453104
0.2333333333333333,9.79536976911977
0.2333333333333333,9.79536976911977
0.2333333333333333,9.79536976911977
0.2333333333333333,10.29536976911977
0.2333333333333333,10.44536976911977
0.2333333333333333,10.778703102453104
0.2333333333333333,10.778703102453104
0.2333333333333333,10.778703102453104
0.2333333333333333,10.778703102453104
0.2333333333333333,10.778703102453104
0.2333333333333333,10.966203102453104
0.2333333333333333,10.99196067821068
0.2333333333333333,10.99196067821068
0.2333333333333333,10.99196067821068
0.2333333333333333,11.206246392496393
0.2333333333333333,11.34261002886003
0.2333333333333333,11.34261002886003
0.2333333333333333,11.34261002886003
0.5833333333333333,11.34261002886003
0.5833333333333333,12.14261002886003
0.5833333333333333,12.14261002886003
0.5833333333333333,12.14261002886003
0.5833333333333333,12.14261002886003
0.5833333333333333,12.64261002886003
0.5833333333333333,12.64261002886003
0.5833333333333333,12.79261002886003
0.5833333333333333,12.842610028860031
0.5833333333333333,12.842610028860031
0.5833333333333333,12.748959235209238
0.5833333333333333,12.748959235209238
0.5833333333333333,12.648959235209238
0.5833333333333333,12.648959235209238
0.5833333333333333,13.648959235209238
0.5833333333333333,13.648959235209238
0.5833333333333333,13.648959235209238
0.5833333333333333,13.648959235209238
0.5833333333333333,14.148959235209238
0.5833333333333333,14.148959235209238
0.5833333333333333,14.552959235209238
0.5833333333333333,14.552959235209238
0.5833333333333333,14.552959235209238
0.5833333333333333,14.552959235209238
0.5833333333333333,14.552959235209238
0.5833333333333333,14.552959235209238
0.5833333333333333,15.152959235209238
0.5833333333333333,15.152959235209238
0.5833333333333333,15.152959235209238
0.4833333333333333,15.152959235209238
0.4833333333333333,15.152959235209238
0.4833333333333333,14.952959235209239
0.4833333333333333,14.952959235209239
0.4833333333333333,14.952959235209239
0.4833333333333333,14.952959235209239
0.4833333333333333,14.702959235209239
0.4833333333333333,14.802959235209238
0.4833333333333333,15.302959235209238
0.4833333333333333,15.802959235209238
0.4833333333333333,16.20295923520924
0.4833333333333333,16.20295923520924
0.4833333333333333,16.00295923520924
0.4833333333333333,16.00295923520924
0.4833333333333333,16.00295923520924
0.4833333333333333,15.80295923520924
0.4833333333333333,15.80295923520924
0.4833333333333333,15.836292568542573
0.4833333333333333,15.836292568542573
0.4833333333333333,16.336292568542575
0.4833333333333333,16.336292568542575
0.4833333333333333,15.336292568542575
0.4833333333333333,15.336292568542575
0.4833333333333333,15.336292568542575
0.4833333333333333,15.472656204906212
0.4833333333333333,15.472656204906212
0.4833333333333333,15.572656204906211
0.4833333333333333,15.572656204906211
0.4833333333333333,15.572656204906211
0.4833333333333333,16.37265620490621
0.4833333333333333,16.37265620490621
0.4833333333333333,16.62265620490621
0.4833333333333333,16.62265620490621
0.4833333333333333,16.78477741702742
0.4833333333333333,17.129221861471866
0.4833333333333333,17.129221861471866
0.4833333333333333,17.129221861471866
0.4833333333333333,17.129221861471866
0.4833333333333333,17.329221861471865
0.4833333333333333,17.329221861471865
0.4833333333333333,17.329221861471865
0.4833333333333333,17.329221861471865
0.4833333333333333,17.329221861471865
0.4833333333333333,17.329221861471865
0.4833333333333333,17.329221861471865
0.4833333333333333,16.529221861471864
0.4833333333333333,16.529221861471864
0.4833333333333333,16.279221861471864
0.4833333333333333,16.283009740259743
0.4833333333333333,16.283009740259743
0.4833333333333333,16.283009740259743
0.4833333333333333,16.283009740259743
0.4833333333333333,16.283009740259743
0.4833333333333333,16.283009740259743
0.4833333333333333,16.283009740259743
0.4833333333333333,16.283009740259743
0.4833333333333333,16.283009740259743
0.4833333333333333,16.283009740259743
0.4833333333333333,16.483009740259742
0.4833333333333333,16.483009740259742
0.4833333333333333,16.783009740259743
0.4833333333333333,17.583009740259744
0.4833333333333333,17.583009740259744
0.4833333333333333,17.583009740259744
0.4833333333333333,17.583009740259744
0.4833333333333333,17.583009740259744
0.4833333333333333,17.583009740259744
0.4833333333333333,17.583009740259744
0.4833333333333333,17.583009740259744
0.4833333333333333,17.583009740259744
0.4833333333333333,17.583009740259744
0.4833333333333333,18.083009740259744
0.4833333333333333,18.883009740259745
0.4833333333333333,18.883009740259745
0.4833333333333333,18.886797619047623
0.4833333333333333,18.886797619047623
0.4833333333333333,18.886797619047623
0.4833333333333333,18.886797619047623
0.4833333333333333,18.886797619047623
0.4833333333333333,18.686797619047624
0.4833333333333333,18.686797619047624
0.4833333333333333,18.686797619047624
0.4833333333333333,19.186797619047624
0.4833333333333333,19.586797619047623
0.4833333333333333,19.586797619047623
0.4833333333333333,19.586797619047623
0.4833333333333333,19.98679761904762
0.4833333333333333,19.98679761904762
0.4833333333333333,19.98679761904762
0.4833333333333333,20.086797619047623
0.4833333333333333,20.086797619047623
0.4833333333333333,20.086797619047623
0.7333333333333333,20.086797619047623
0.7333333333333333,20.086797619047623
0.7333333333333333,20.086797619047623
0.7333333333333333,20.086797619047623
0.7333333333333333,20.086797619047623
0.7333333333333333,20.086797619047623
0.7333333333333333,20.586797619047623
0.7333333333333333,20.586797619047623
0.7333333333333333,20.586797619047623
0.7333333333333333,20.72316125541126
0.7333333333333333,20.72316125541126
0.7333333333333333,20.72316125541126
0.7333333333333333,21.05649458874459
0.7333333333333333,21.25649458874459
0.7333333333333333,21.25649458874459
0.7333333333333333,21.25649458874459
0.7333333333333333,21.25649458874459
0.7333333333333333,21.25649458874459
0.7333333333333333,21.25649458874459
0.7333333333333333,21.25649458874459
0.7333333333333333,21.600939033189036
0.7333333333333333,21.675939033189035
0.7333333333333333,21.675939033189035
0.7333333333333333,21.675939033189035
0.7333333333333333,22.025939033189037
0.7333333333333333,22.025939033189037
0.7333333333333333,22.025939033189037
0.7333333333333333,22.275939033189037
0.7333333333333333,22.275939033189037
0.7333333333333333,22.275939033189037
0.7333333333333333,22.275939033189037
0.7333333333333333,22.275939033189037
0.7333333333333333,22.275939033189037
0.7333333333333333,22.275939033189037
0.7333333333333333,22.692605699855704
0.6,22.692605699855704
0.6,22.655105699855703
0.6,22.655105699855703
0.6,22.655105699855703
0.6,22.655105699855703
0.7681818181818182,22.655105699855703
0.7681818181818182,23.0551056998557
0.7681818181818182,23.0551056998557
0.7681818181818182,23.5551056998557
0.7681818181818182,23.8051056998557
0.7681818181818182,24.0551056998557
0.7681818181818182,24.0551056998557
0.7681818181818182,24.0551056998557
0.7681818181818182,24.0551056998557
0.7681818181818182,24.855105699855702
0.7681818181818182,24.855105699855702
0.7681818181818182,25.355105699855702
0.7681818181818182,25.355105699855702
0.7681818181818182,25.64677236652237
0.7681818181818182,25.64677236652237
0.7681818181818182,25.64677236652237
0.7681818181818182,25.64677236652237
0.7681818181818182,25.64677236652237
0.7681818181818182,25.64677236652237
0.7681818181818182,25.64677236652237
0.7681818181818182,25.64677236652237
0.7681818181818182,25.64677236652237
0.7681818181818182,25.64677236652237
0.7681818181818182,25.64677236652237
0.7681818181818182,25.64677236652237
0.7681818181818182,25.74677236652237
0.7681818181818182,25.90261652236653
0.7681818181818182,25.65261652236653
0.7681818181818182,25.65261652236653
0.7681818181818182,25.65261652236653
0.7681818181818182,25.65261652236653
0.7681818181818182,25.62761652236653
0.7681818181818182,26.073071067821076
0.7681818181818182,26.073071067821076
0.7681818181818182,26.573071067821076
0.7681818181818182,26.709434704184712
0.7681818181818182,26.709434704184712
0.7681818181818182,26.959434704184712
0.7681818181818182,26.959434704184712
0.7681818181818182,26.959434704184712
0.7681818181818182,26.959434704184712
0.7681818181818182,27.209434704184712
0.7681818181818182,27.209434704184712
0.7681818181818182,27.209434704184712
0.7681818181818182,27.209434704184712
0.7681818181818182,27.559434704184714
0.7681818181818182,27.559434704184714
0.7681818181818182,27.559434704184714
0.7681818181818182,27.559434704184714
0.7681818181818182,27.559434704184714
0.7681818181818182,27.559434704184714
0.7681818181818182,27.559434704184714
0.7681818181818182,27.559434704184714
0.7681818181818182,27.559434704184714
0.7681818181818182,27.559434704184714
0.7681818181818182,27.559434704184714
0.7681818181818182,27.559434704184714
0.7681818181818182,27.559434704184714
0.7681818181818182,27.559434704184714
0.7681818181818182,27.559434704184714
0.7681818181818182,27.559434704184714
0.7681818181818182,27.349434704184713
0.7681818181818182,27.488323593073602
0.7681818181818182,27.488323593073602
0.7681818181818182,27.488323593073602
0.7681818181818182,27.488323593073602
0.7681818181818182,27.488323593073602
0.7681818181818182,27.488323593073602
0.7681818181818182,27.488323593073602
0.7681818181818182,27.202609307359317
0.7681818181818182,27.202609307359317
0.7681818181818182,27.402609307359317
0.7681818181818182,27.402609307359317
0.7681818181818182,27.302609307359315
0.7681818181818182,27.502609307359315
0.7681818181818182,27.502609307359315
0.7681818181818182,27.835942640692647
0.7681818181818182,27.835942640692647
0.7681818181818182,27.835942640692647
0.7681818181818182,27.835942640692647
0.7681818181818182,27.835942640692647
0.7681818181818182,28.635942640692647
0.7681818181818182,28.635942640692647
0.7681818181818182,28.635942640692647
0.7681818181818182,28.635942640692647
0.7681818181818182,29.435942640692648
0.7681818181818182,29.572306277056285
0.7681818181818182,29.572306277056285
0.7681818181818182,29.70866991341992
0.7681818181818182,29.70866991341992
0.7681818181818182,29.996169913419923
0.7681818181818182,29.996169913419923
0.7681818181818182,29.996169913419923
0.7681818181818182,30.196169913419922
0.7681818181818182,30.196169913419922
0.7681818181818182,30.696169913419922
0.7681818181818182,30.696169913419922
0.7681818181818182,30.696169913419922
0.7681818181818182,30.696169913419922
0.7681818181818182,30.696169913419922
0.7681818181818182,30.696169913419922
0.7681818181818182,30.696169913419922
0.7681818181818182,30.696169913419922
0.7681818181818182,30.496169913419923
0.7681818181818182,30.658074675324684
0.7681818181818182,30.658074675324684
0.7681818181818182,30.658074675324684
0.7681818181818182,30.824741341991352
0.7681818181818182,30.824741341991352
0.7681818181818182,30.824741341991352
0.7681818181818182,30.924741341991353
0.7681818181818182,30.99292316017317
0.7681818181818182,31.49292316017317
0.7681818181818182,31.49292316017317
0.7681818181818182,31.49292316017317
0.7681818181818182,31.99292316017317
0.7681818181818182,31.99292316017317
0.7681818181818182,31.99292316017317
0.7681818181818182,31.99292316017317
0.7681818181818182,31.99292316017317
0.7681818181818182,32.207208874458885
0.7681818181818182,32.207208874458885
0.7681818181818182,32.207208874458885
0.7681818181818182,32.207208874458885
0.7681818181818182,32.207208874458885
0.7681818181818182,32.207208874458885
0.7681818181818182,32.207208874458885
0.7681818181818182,32.207208874458885
0.7681818181818182,31.773875541125552
0.7681818181818182,32.57387554112555
0.7681818181818182,32.57387554112555
0.7681818181818182,32.57387554112555
0.7681818181818182,32.773875541125555
0.7681818181818182,32.773875541125555
0.7681818181818182,33.023875541125555
0.7681818181818182,33.22387554112556
0.7681818181818182,33.22387554112556
0.7681818181818182,34.023875541125555
0.7681818181818182,34.22387554112556
0.7681818181818182,34.211375541125555
0.7681818181818182,34.211375541125555
0.7681818181818182,34.21516341991343
0.36818181818181817,34.21516341991343
0.36818181818181817,34.21516341991343
0.36818181818181817,34.21516341991343
0.36818181818181817,34.21516341991343
0.36818181818181817,34.21516341991343
0.36818181818181817,34.21516341991343
0.36818181818181817,34.21516341991343
0.36818181818181817,34.71516341991343
0.36818181818181817,34.71516341991343
0.36818181818181817,34.81516341991343
0.36818181818181817,35.31516341991343
0.36818181818181817,35.31516341991343
0.36818181818181817,35.31516341991343
0.36818181818181817,36.11516341991343
0.36818181818181817,36.11516341991343
0.36818181818181817,36.11516341991343
0.36818181818181817,35.61516341991343
0.36818181818181817,35.61516341991343
0.36818181818181817,35.75152705627706
0.36818181818181817,35.75152705627706
0.36818181818181817,35.75152705627706
0.36818181818181817,35.75152705627706
0.36818181818181817,35.75152705627706
0.36818181818181817,35.75152705627706
0.36818181818181817,35.75152705627706
0.36818181818181817,35.50152705627706
0.36818181818181817,35.50152705627706
0.36818181818181817,35.55152705627706
0.36818181818181817,35.765812770562775
0.36818181818181817,35.765812770562775
0.36818181818181817,36.30866991341992
0.36818181818181817,36.30866991341992
0.36818181818181817,36.30866991341992
0.36818181818181817,36.70866991341992
0.36818181818181817,36.70866991341992
0.36818181818181817,36.70866991341992
0.36818181818181817,36.70866991341992
0.36818181818181817,37.10866991341992
0.36818181818181817,37.10866991341992
0.36818181818181817,36.508669913419915
0.36818181818181817,36.80866991341991
0.36818181818181817,36.80866991341991
0.36818181818181817,36.80866991341991
0.36818181818181817,36.80866991341991
0.36818181818181817,36.80866991341991
0.36818181818181817,36.85866991341991
0.36818181818181817,36.85866991341991
0.36818181818181817,37.35866991341991
0.36818181818181817,37.192003246753245
0.36818181818181817,37.59533658008658
0.36818181818181817,37.59533658008658
0.36818181818181817,37.59533658008658
0.36818181818181817,37.59533658008658
0.36818181818181817,37.59533658008658
0.36818181818181817,37.59533658008658
0.36818181818181817,37.59533658008658
0.36818181818181817,37.39533658008658
0.36818181818181817,37.39533658008658
0.36818181818181817,37.39533658008658
0.36818181818181817,37.43283658008658
0.36818181818181817,37.88283658008658
0.36818181818181817,37.88283658008658
0.36818181818181817,37.38283658008658
0.36818181818181817,37.68283658008658
0.47727272727272724,37.68283658008658
0.47727272727272724,37.68283658008658
0.47727272727272724,37.38283658008658
0.47727272727272724,37.38283658008658
0.47727272727272724,37.38283658008658
0.47727272727272724,37.732836580086584
0.47727272727272724,37.732836580086584
0.47727272727272724,37.732836580086584
0.47727272727272724,37.732836580086584
0.47727272727272724,37.732836580086584
0.47727272727272724,37.732836580086584
0.47727272727272724,37.732836580086584
0.47727272727272724,37.732836580086584
0.47727272727272724,37.732836580086584
0.47727272727272724,38.232836580086584
0.47727272727272724,38.232836580086584
0.47727272727272724,38.232836580086584
0.47727272727272724,38.232836580086584
0.47727272727272724,37.982836580086584
0.47727272727272724,38.52569372294373
0.47727272727272724,39.01855086580087
0.47727272727272724,39.01855086580087
0.47727272727272724,39.01855086580087
0.47727272727272724,39.01855086580087
0.47727272727272724,39.232836580086584
0.47727272727272724,39.232836580086584
0.47727272727272724,39.232836580086584
0.47727272727272724,39.232836580086584
0.47727272727272724,39.232836580086584
0.47727272727272724,39.232836580086584
0.47727272727272724,39.232836580086584
0.47727272727272724,39.232836580086584
0.47727272727272724,39.732836580086584
0.47727272727272724,39.732836580086584
0.47727272727272724,39.732836580086584
0.47727272727272724,39.732836580086584
0.47727272727272724,39.732836580086584
0.47727272727272724,39.732836580086584
0.47727272727272724,39.732836580086584
0.47727272727272724,39.732836580086584
0.47727272727272724,39.732836580086584
0.47727272727272724,39.920336580086584
0.47727272727272724,40.420336580086584
0.47727272727272724,40.420336580086584
0.47727272727272724,40.420336580086584
0.47727272727272724,40.920336580086584
0.47727272727272724,41.12033658008659
0.47727272727272724,41.233972943722954
0.47727272727272724,41.233972943722954
0.47727272727272724,41.233972943722954
0.47727272727272724,41.233972943722954
0.47727272727272724,41.00320371295372
0.47727272727272724,41.00320371295372
0.47727272727272724,41.00320371295372
0.47727272727272724,41.00320371295372
0.47727272727272724,40.90320371295372
0.47727272727272724,40.90320371295372
0.47727272727272724,40.90320371295372
0.47727272727272724,40.90320371295372
0.47727272727272724,40.90320371295372
0.47727272727272724,40.90320371295372
0.47727272727272724,40.90320371295372
0.47727272727272724,41.117489427239434
0.47727272727272724,41.117489427239434
0.47727272727272724,41.51748942723943
0.47727272727272724,41.39248942723943
0.47727272727272724,41.39248942723943
0.47727272727272724,41.39248942723943
0.47727272727272724,41.39248942723943
0.47727272727272724,41.89248942723943
0.47727272727272724,41.89248942723943
0.47727272727272724,41.492489427239434
0.47727272727272724,41.492489427239434
0.47727272727272724,41.62885306360307
0.47727272727272724,41.62885306360307
0.47727272727272724,41.62885306360307
0.47727272727272724,41.62885306360307
0.47727272727272724,41.62885306360307
0.47727272727272724,41.62885306360307
0.47727272727272724,41.62885306360307
0.47727272727272724,41.62885306360307
0.47727272727272724,41.62885306360307
0.47727272727272724,41.82885306360307
0.47727272727272724,41.82885306360307
0.47727272727272724,41.82885306360307
0.47727272727272724,41.82885306360307
0.47727272727272724,41.82885306360307
0.47727272727272724,41.82885306360307
0.47727272727272724,41.82885306360307
0.47727272727272724,41.82885306360307
0.47727272727272724,42.02885306360307
0.47727272727272724,42.02885306360307
0.47727272727272724,42.02885306360307
0.47727272727272724,42.52885306360307
0.47727272727272724,43.07171020646022
0.47727272727272724,43.07549808524809
0.47727272727272724,43.07549808524809
0.47727272727272724,43.87549808524809
0.47727272727272724,43.87549808524809
0.47727272727272724,43.87549808524809
0.47727272727272724,43.87549808524809
0.47727272727272724,43.87549808524809
0.47727272727272724,44.12549808524809
0.47727272727272724,44.12549808524809
0.47727272727272724,44.12549808524809
0.47727272727272724,44.352770812520816
0.47727272727272724,44.352770812520816
0.47727272727272724,44.352770812520816
0.47727272727272724,44.352770812520816
0.47727272727272724,44.352770812520816
0.47727272727272724,44.352770812520816
0.47727272727272724,44.352770812520816
0.47727272727272724,44.352770812520816
0.47727272727272724,44.352770812520816
0.47727272727272724,44.352770812520816
0.47727272727272724,43.852770812520816
0.47727272727272724,43.852770812520816
0.47727272727272724,43.852770812520816
0.47727272727272724,44.652770812520814
0.47727272727272724,44.652770812520814
0.47727272727272724,44.652770812520814
0.47727272727272724,44.652770812520814
0.47727272727272724,44.652770812520814
0.47727272727272724,44.752770812520815
0.47727272727272724,44.977770812520816
0.47727272727272724,45.377770812520815
0.47727272727272724,45.377770812520815
0.47727272727272724,45.777770812520814
0.47727272727272724,45.811104145854145
0.47727272727272724,45.811104145854145
0.47727272727272724,45.811104145854145
0.47727272727272724,46.211104145854144
0.47727272727272724,46.211104145854144
0.47727272727272724,46.211104145854144
0.47727272727272724,46.211104145854144
0.47727272727272724,46.244437479187475
0.47727272727272724,46.34443747918748
0.47727272727272724,47.144437479187474
0.47727272727272724,47.144437479187474
0.47727272727272724,47.144437479187474
0.47727272727272724,47.94443747918747
0.47727272727272724,47.94443747918747
0.47727272727272724,47.94443747918747
0.47727272727272724,47.94443747918747
0.47727272727272724,47.94443747918747
0.47727272727272724,47.91943747918747
0.47727272727272724,47.91943747918747
1.0022727272727272,47.91943747918747
1.0022727272727272,48.337619297369294
1.0022727272727272,48.337619297369294
1.0022727272727272,48.3344942973693
1.0022727272727272,48.87735144022644
1.0022727272727272,49.12735144022644
1.0022727272727272,49.077351440226444
1.0022727272727272,49.110684773559775
1.0022727272727272,49.610684773559775
1.0022727272727272,49.010684773559774
1.0022727272727272,49.010684773559774
1.0022727272727272,49.010684773559774
1.0022727272727272,49.010684773559774
1.0022727272727272,49.06068477355977
1.0022727272727272,48.56068477355977
1.0022727272727272,48.56068477355977
1.0022727272727272,48.56068477355977
1.0022727272727272,48.56068477355977
1.0022727272727272,48.56068477355977
1.0022727272727272,49.06068477355977
1.0022727272727272,49.06068477355977
1.0022727272727272,49.06068477355977
1.0022727272727272,49.06068477355977
1.0022727272727272,49.86068477355977
1.0022727272727272,50.306139319014314
1.0022727272727272,50.306139319014314
1.0022727272727272,50.306139319014314
1.0022727272727272,50.306139319014314
1.0022727272727272,50.374321137196134
1.0022727272727272,50.374321137196134
1.0022727272727272,50.374321137196134
1.0022727272727272,49.874321137196134
1.0022727272727272,49.874321137196134
1.0022727272727272,49.874321137196134
1.0022727272727272,50.23146399433899
1.0022727272727272,50.23146399433899
1.0022727272727272,50.23146399433899
1.0022727272727272,49.73146399433899
1.0022727272727272,49.41479732767232
1.0022727272727272,49.41479732767232
1.0022727272727272,49.41479732767232
1.0022727272727272,49.41479732767232
1.0022727272727272,49.41479732767232
1.0022727272727272,49.41479732767232
1.0022727272727272,50.214797327672315
1.0022727272727272,50.13979732767231
1.0022727272727272,49.82729732767231
1.0022727272727272,50.12729732767231
1.0022727272727272,50.12729732767231
1.0022727272727272,50.12729732767231
1.0022727272727272,50.12729732767231
1.0022727272727272,50.12729732767231
1.0022727272727272,50.12729732767231
1.0022727272727272,50.12729732767231
1.0022727272727272,50.57729732767231
1.0022727272727272,50.57729732767231
1.0022727272727272,51.07729732767231
1.0022727272727272,51.07729732767231
1.0022727272727272,51.07729732767231
1.0022727272727272,51.07729732767231
1.0022727272727272,50.47729732767231
1.0022727272727272,50.47729732767231
1.0022727272727272,50.77967828005326
1.0022727272727272,50.77967828005326
1.0022727272727272,50.57967828005326
1.0022727272727272,50.72967828005326
1.0022727272727272,51.22967828005326
1.0022727272727272,51.22967828005326
1.0022727272727272,51.22967828005326
1.0022727272727272,51.22967828005326
1.0022727272727272,51.22967828005326
1.0022727272727272,50.8725354229104
1.0022727272727272,50.8725354229104
1.0022727272727272,50.472535422910404
1.0022727272727272,50.472535422910404
1.0022727272727272,50.722535422910404
1.0022727272727272,50.722535422910404
1.0022727272727272,50.722535422910404
1.0022727272727272,50.722535422910404
1.0022727272727272,50.722535422910404
1.0022727272727272,50.722535422910404
1.0022727272727272,50.722535422910404
1.0022727272727272,51.322535422910406
1.0022727272727272,51.322535422910406
1.0022727272727272,51.322535422910406
1.0022727272727272,51.67253542291041
1.0022727272727272,51.67253542291041
1.0022727272727272,51.92253542291041
1.0022727272727272,51.92253542291041
1.0022727272727272,51.92253542291041
1.0022727272727272,51.92253542291041
1.0022727272727272,51.92253542291041
1.0022727272727272,51.92253542291041
1.0022727272727272,51.92253542291041
1.0022727272727272,51.92253542291041
1.0022727272727272,51.92253542291041
1.0022727272727272,51.92253542291041
1.0022727272727272,52.22491637529136
1.0022727272727272,52.22491637529136
1.0022727272727272,52.17491637529136
1.0022727272727272,52.17491637529136
1.0022727272727272,52.17491637529136
1.0022727272727272,52.77491637529136
1.0022727272727272,52.77491637529136
1.0022727272727272,53.27491637529136
1.0022727272727272,53.27491637529136
1.0022727272727272,53.474916375291365
1.0022727272727272,53.474916375291365
1.0022727272727272,53.37491637529136
1.0022727272727272,53.36481536519035
1.0022727272727272,53.36481536519035
1.0022727272727272,53.45231536519035
1.0022727272727272,53.77049718337217
1.0022727272727272,53.77049718337217
1.0022727272727272,53.77049718337217
1.0022727272727272,53.77049718337217
1.0022727272727272,53.77049718337217
1.0022727272727272,53.470497183372174
1.0022727272727272,54.27049718337217
1.0022727272727272,54.27049718337217
1.0022727272727272,54.29549718337217
1.0022727272727272,54.29549718337217
1.0022727272727272,54.29549718337217
1.0022727272727272,54.49549718337217
1.0022727272727272,54.49549718337217
1.0022727272727272,54.49549718337217
1.0022727272727272,54.49549718337217
1.0022727272727272,54.56367900155399
1.0022727272727272,54.56367900155399
1.0022727272727272,53.763679001553996
1.0022727272727272,53.463679001554
1.0022727272727272,53.463679001554
1.0022727272727272,53.713679001554
1.0022727272727272,53.713679001554
1.0022727272727272,53.713679001554
1.0022727272727272,53.713679001554
1.0022727272727272,52.913679001554
1.0022727272727272,52.913679001554
1.0022727272727272,52.913679001554
1.0022727272727272,53.063679001554
1.0022727272727272,52.777964715839715
1.0022727272727272,52.777964715839715
1.0022727272727272,52.66129804917305
1.0022727272727272,52.66129804917305
1.0022727272727272,52.66129804917305
1.0022727272727272,52.66129804917305
1.0022727272727272,52.66129804917305
1.0022727272727272,52.41129804917305
1.0022727272727272,52.41129804917305
1.0022727272727272,52.41129804917305
1.0022727272727272,52.61129804917305
1.0022727272727272,52.61129804917305
1.0022727272727272,52.61129804917305
1.0022727272727272,52.61129804917305
1.0022727272727272,52.61129804917305
1.0022727272727272,52.61129804917305
1.0022727272727272,52.61129804917305
1.0022727272727272,52.61129804917305
1.0022727272727272,52.61129804917305
1.0022727272727272,52.86129804917305
1.0022727272727272,52.86129804917305
1.0022727272727272,52.86129804917305
1.0022727272727272,53.075583763458766
1.0022727272727272,53.075583763458766
1.0022727272727272,53.075583763458766
1.0022727272727272,53.075583763458766
1.0022727272727272,53.04502820790321
1.0022727272727272,53.04502820790321
1.0022727272727272,53.04502820790321
1.0022727272727272,53.04502820790321
1.0022727272727272,53.29502820790321
1.0022727272727272,53.79502820790321
1.0022727272727272,53.79502820790321
1.0022727272727272,54.195028207903206
1.0022727272727272,54.195028207903206
1.0022727272727272,54.195028207903206
1.0022727272727272,54.195028207903206
1.0022727272727272,54.195028207903206
1.0022727272727272,54.195028207903206
1.0022727272727272,54.195028207903206
1.0022727272727272,54.195028207903206
1.0022727272727272,54.30184638972139
1.0022727272727272,54.30184638972139
1.0022727272727272,54.30184638972139
1.0022727272727272,55.21184638972139
1.0022727272727272,55.21184638972139
1.0022727272727272,55.4261321040071
1.0022727272727272,55.4261321040071
1.0022727272727272,55.19536287323787
1.0022727272727272,55.19536287323787
1.0022727272727272,55.19536287323787
1.0022727272727272,55.19536287323787
1.0022727272727272,55.26354469141969
1.0022727272727272,55.477830405705404
1.0022727272727272,55.17783040570541
1.0022727272727272,55.17783040570541
1.0022727272727272,55.17783040570541
1.0022727272727272,55.17783040570541
1.0022727272727272,55.17783040570541
1.0022727272727272,55.17783040570541
1.0022727272727272,55.17783040570541
1.0022727272727272,55.17783040570541
1.0022727272727272,55.17783040570541
1.0022727272727272,55.17783040570541
1.0022727272727272,55.17783040570541
1.0022727272727272,55.17783040570541
1.0022727272727272,55.17783040570541
1.0022727272727272,55.24601222388723
1.0022727272727272,55.24601222388723
1.0022727272727272,55.24601222388723
1.0022727272727272,55.24601222388723
1.0022727272727272,55.24601222388723
1.0022727272727272,55.24601222388723
1.0022727272727272,55.27934555722056
1.0022727272727272,55.27934555722056
1.0022727272727272,55.123790001665
1.0022727272727272,56.123790001665
1.0022727272727272,56.523790001665
1.0022727272727272,56.523790001665
1.0022727272727272,57.023790001665
1.0022727272727272,57.273790001665
1.0022727272727272,57.273790001665
1.0022727272727272,56.773790001665
1.0022727272727272,56.773790001665
1.0022727272727272,56.773790001665
1.0022727272727272,56.773790001665
1.0022727272727272,56.91015363802863
1.0022727272727272,57.110153638028635
1.0022727272727272,57.110153638028635
1.0022727272727272,57.110153638028635
1.0022727272727272,57.110153638028635
1.1704545454545454,57.110153638028635
1.1704545454545454,57.110153638028635
1.1704545454545454,57.110153638028635
1.1704545454545454,57.110153638028635
1.1704545454545454,57.110153638028635
1.1704545454545454,57.110153638028635
1.1704545454545454,57.110153638028635
1.1704545454545454,57.110153638028635
1.1704545454545454,57.110153638028635
1.1704545454545454,57.110153638028635
1.1704545454545454,57.25301078088578
1.1704545454545454,57.25301078088578
1.1704545454545454,57.25301078088578
1.1704545454545454,57.85301078088578
1.1704545454545454,58.35301078088578
1.1704545454545454,59.15301078088578
1.1704545454545454,59.15301078088578
1.1704545454545454,59.15301078088578
1.1704545454545454,59.15301078088578
1.1704545454545454,59.34051078088578
1.1704545454545454,59.126225066600064
1.1704545454545454,59.126225066600064
1.1704545454545454,59.226225066600065
1.1704545454545454,59.226225066600065
1.1704545454545454,59.226225066600065
1.1704545454545454,59.226225066600065
1.1704545454545454,59.626225066600064
1.1704545454545454,59.32622506660007
1.1704545454545454,59.32622506660007
1.1704545454545454,59.92622506660007
1.1704545454545454,59.92622506660007
1.1704545454545454,59.67622506660007
1.1704545454545454,59.67622506660007
1.1704545454545454,59.67622506660007
1.1704545454545454,60.009558399933404
1.1704545454545454,60.20955839993341
1.1704545454545454,60.49527268564769
1.1704545454545454,60.87027268564769
1.1704545454545454,60.87027268564769
1.1704545454545454,60.87027268564769
1.1704545454545454,60.71471713009213
1.1704545454545454,60.42900284437785
1.1704545454545454,60.42900284437785
1.1704545454545454,60.42900284437785
1.1704545454545454,60.42900284437785
1.1704545454545454,60.67900284437785
1.1704545454545454,60.67900284437785
1.1704545454545454,60.81536648074148
1.1704545454545454,61.06536648074148
1.1704545454545454,61.515366480741484
1.1704545454545454,61.515366480741484
1.1704545454545454,61.515366480741484
1.1704545454545454,61.515366480741484
1.1704545454545454,61.515366480741484
1.1704545454545454,61.515366480741484
1.1704545454545454,61.515366480741484
1.1704545454545454,61.515366480741484
1.1704545454545454,61.515366480741484
1.1704545454545454,61.96082102619603
1.1704545454545454,62.09718466255966
0.6704545454545454,62.09718466255966
0.6704545454545454,62.59718466255966
0.6704545454545454,62.03468466255966
0.6704545454545454,62.03468466255966
0.6704545454545454,62.24897037684538
0.6704545454545454,62.24897037684538
0.6704545454545454,62.24897037684538
0.6704545454545454,62.24897037684538
0.6704545454545454,62.24897037684538
0.6704545454545454,62.476243104118105
0.6704545454545454,62.476243104118105
0.6704545454545454,62.476243104118105
0.6704545454545454,62.3762431041181
0.6704545454545454,62.4262431041181
0.6704545454545454,62.640528818403816
0.6704545454545454,62.640528818403816
0.6704545454545454,62.640528818403816
0.6704545454545454,61.9262431041181
0.6704545454545454,61.9262431041181
0.6704545454545454,61.8262431041181
0.6704545454545454,61.9262431041181
0.6704545454545454,61.9262431041181
0.5954545454545455,61.9262431041181
0.5954545454545455,61.9262431041181
0.5954545454545455,61.6762431041181
0.5954545454545455,61.6762431041181
0.5954545454545455,61.6762431041181
0.5954545454545455,61.72169764957265
0.5954545454545455,61.88836431623931
0.5954545454545455,61.88836431623931
0.5954545454545455,61.88836431623931
0.5954545454545455,61.88836431623931
0.5954545454545455,61.88836431623931
0.5954545454545455,61.88836431623931
0.5954545454545455,61.88836431623931
0.5954545454545455,61.88836431623931
0.5954545454545455,61.88836431623931
0.5954545454545455,61.88836431623931
0.5954545454545455,61.88836431623931
0.5954545454545455,61.88836431623931
0.5954545454545455,61.88836431623931
0.5954545454545455,61.88836431623931
0.5954545454545455,61.88836431623931
0.5954545454545455,61.91336431623931
0.5954545454545455,61.91336431623931
0.5954545454545455,61.91336431623931
0.5954545454545455,61.91336431623931
0.5954545454545455,61.91336431623931
0.5954545454545455,61.91336431623931
0.5954545454545455,62.11336431623931
0.5954545454545455,62.11336431623931
0.5954545454545455,62.11336431623931
0.5954545454545455,62.11336431623931
0.5954545454545455,62.11336431623931
0.5954545454545455,62.313364316239316
0.5954545454545455,62.313364316239316
0.5954545454545455,62.213364316239314
0.5954545454545455,62.213364316239314
0.5954545454545455,62.213364316239314
0.5954545454545455,62.463364316239314
0.5954545454545455,62.463364316239314
0.5954545454545455,62.66336431623932
0.5954545454545455,62.66336431623932
0.5954545454545455,62.66336431623932
0.5954545454545455,62.66336431623932
0.5954545454545455,62.66336431623932
0.5954545454545455,62.66336431623932
0.5954545454545455,62.66336431623932
0.5954545454545455,62.66336431623932
0.5954545454545455,62.66336431623932
0.5954545454545455,62.66336431623932
0.5954545454545455,62.66336431623932
0.5954545454545455,62.66336431623932
0.5954545454545455,62.86336431623932
0.5954545454545455,62.86336431623932
0.5954545454545455,62.98211431623932
0.5954545454545455,63.18211431623932
0.5954545454545455,63.18211431623932
0.5954545454545455,63.18211431623932
0.5954545454545455,63.40711431623932
0.5954545454545455,63.543477952602956
0.5954545454545455,63.543477952602956
0.5954545454545455,63.693477952602954
0.5954545454545455,63.693477952602954
0.5954545454545455,63.693477952602954
0.5954545454545455,63.693477952602954
0.5954545454545455,63.693477952602954
0.5954545454545455,63.693477952602954
0.5954545454545455,63.693477952602954
0.5954545454545455,63.693477952602954
0.5954545454545455,63.793477952602956
0.5954545454545455,64.3363350954601
0.5954545454545455,64.3363350954601
0.5954545454545455,64.3363350954601
0.5954545454545455,64.3363350954601
0.5954545454545455,64.5363350954601
0.5954545454545455,64.60451691364192
0.5954545454545455,64.60451691364192
0.8287878787878787,64.60451691364192
0.8287878787878787,64.80451691364192
0.8287878787878787,64.80451691364192
0.8287878787878787,64.80451691364192
0.8287878787878787,64.80451691364192
0.8287878787878787,64.80451691364192
0.8287878787878787,64.80451691364192
0.8287878787878787,65.60451691364192
0.8287878787878787,65.60451691364192
0.8287878787878787,65.62269873182373
0.8287878787878787,66.07269873182373
0.8287878787878787,66.07269873182373
1.062121212121212,66.07269873182373
1.062121212121212,66.07269873182373
1.062121212121212,66.07269873182373
1.062121212121212,66.07269873182373
1.062121212121212,65.37269873182373
1.062121212121212,65.57269873182373
1.062121212121212,65.57269873182373
1.062121212121212,65.77269873182374
1.062121212121212,65.77269873182374
1.062121212121212,65.77269873182374
1.062121212121212,65.77269873182374
1.062121212121212,65.77269873182374
1.062121212121212,65.77269873182374
1.062121212121212,65.77269873182374
1.062121212121212,65.97269873182374
1.062121212121212,66.06815327727828
1.062121212121212,66.06815327727828
1.062121212121212,66.06815327727828
1.062121212121212,66.06815327727828
1.062121212121212,66.06815327727828
1.062121212121212,66.06815327727828
1.062121212121212,66.06815327727828
1.062121212121212,66.19315327727828
1.062121212121212,66.19315327727828
1.062121212121212,66.19315327727828
1.062121212121212,66.19315327727828
1.062121212121212,66.09315327727829
1.062121212121212,66.09315327727829
1.062121212121212,65.9931532772783
1.062121212121212,65.9931532772783
1.062121212121212,65.9931532772783
1.062121212121212,66.06133509546011
1.062121212121212,66.06133509546011
1.062121212121212,66.06133509546011
1.062121212121212,66.3613350954601
1.062121212121212,66.66966842879344
1.062121212121212,66.88395414307915
1.062121212121212,66.88395414307915
1.062121212121212,66.88395414307915
1.062121212121212,67.38395414307915
1.062121212121212,67.38395414307915
1.062121212121212,67.38395414307915
1.062121212121212,67.38395414307915
1.062121212121212,67.38395414307915
1.062121212121212,67.38395414307915
1.062121212121212,67.38395414307915
1.062121212121212,67.38395414307915
1.062121212121212,67.38395414307915
1.062121212121212,67.58395414307915
1.062121212121212,67.58395414307915
1.062121212121212,67.58395414307915
1.062121212121212,67.75062080974583
1.062121212121212,67.75062080974583
1.062121212121212,67.75062080974583
1.062121212121212,67.67562080974582
1.062121212121212,67.67562080974582
1.062121212121212,67.67562080974582
1.062121212121212,67.67562080974582
1.062121212121212,67.67562080974582
1.062121212121212,68.17562080974582
1.062121212121212,68.24380262792764
1.062121212121212,69.04380262792763
1.062121212121212,69.04380262792763
1.062121212121212,69.04380262792763
1.062121212121212,69.74380262792764
1.062121212121212,69.94380262792764
1.062121212121212,70.0104692945943
1.062121212121212,70.0104692945943
1.062121212121212,70.0104692945943
1.062121212121212,70.0104692945943
1.062121212121212,70.0104692945943
1.062121212121212,70.8104692945943
1.062121212121212,70.8104692945943
1.062121212121212,70.2104692945943
1.062121212121212,70.54380262792763
1.062121212121212,70.54380262792763
1.062121212121212,70.54380262792763
1.062121212121212,70.49380262792764
1.062121212121212,70.89380262792764
1.062121212121212,70.89380262792764
1.062121212121212,70.89380262792764
1.062121212121212,71.39380262792764
1.062121212121212,71.39380262792764
1.062121212121212,71.39380262792764
1.062121212121212,72.19380262792764
1.062121212121212,72.26198444610945
1.062121212121212,72.51198444610945
1.062121212121212,72.71198444610945
1.062121212121212,72.91198444610946
1.062121212121212,72.91198444610946
1.062121212121212,72.91198444610946
1.062121212121212,73.07198444610945
1.062121212121212,73.27198444610946
1.062121212121212,73.27198444610946
1.062121212121212,73.27198444610946
1.062121212121212,73.37198444610945
1.062121212121212,73.37198444610945
1.062121212121212,74.37198444610945
1.062121212121212,74.37198444610945
1.062121212121212,74.37198444610945
1.062121212121212,74.42198444610945
1.062121212121212,74.42198444610945
1.062121212121212,74.42198444610945
1.062121212121212,74.82198444610945
1.062121212121212,74.82198444610945
1.062121212121212,75.32198444610945
1.062121212121212,75.52198444610946
1.062121212121212,75.68198444610945
1.062121212121212,75.94865111277612
1.062121212121212,75.78198444610945
1.062121212121212,75.68198444610945
1.062121212121212,76.18198444610945
1.062121212121212,76.23198444610945
1.062121212121212,76.23198444610945
1.062121212121212,76.26531777944278
1.062121212121212,76.31531777944278
1.062121212121212,76.46531777944278
1.062121212121212,76.46531777944278
1.062121212121212,76.46531777944278
1.412121212121212,76.46531777944278
1.412121212121212,76.46531777944278
1.412121212121212,76.46531777944278
1.412121212121212,76.46531777944278
1.412121212121212,76.06531777944278
1.412121212121212,76.06531777944278
1.412121212121212,76.39865111277611
1.412121212121212,77.1986511127761
1.412121212121212,77.1986511127761
1.412121212121212,77.1986511127761
1.412121212121212,77.4986511127761
1.412121212121212,77.4986511127761
1.412121212121212,77.4986511127761
1.412121212121212,76.6986511127761
1.412121212121212,76.7986511127761
1.412121212121212,77.0486511127761
1.412121212121212,77.0486511127761
1.412121212121212,77.0486511127761
1.412121212121212,77.0486511127761
1.412121212121212,77.0486511127761
1.412121212121212,77.0986511127761
1.412121212121212,77.2986511127761
1.412121212121212,78.0986511127761
1.412121212121212,78.16683293095791
1.412121212121212,78.30319656732155
1.412121212121212,78.50319656732155
1.412121212121212,78.50319656732155
1.412121212121212,78.75319656732155
1.412121212121212,78.25319656732155
1.412121212121212,78.25319656732155
1.412121212121212,78.25319656732155
1.412121212121212,78.56152990065489
1.412121212121212,78.76152990065489
1.412121212121212,78.76152990065489
1.412121212121212,78.9615299006549
1.412121212121212,78.9615299006549
1.412121212121212,79.2115299006549
1.412121212121212,79.2115299006549
1.412121212121212,79.2115299006549
1.412121212121212,79.4115299006549
1.412121212121212,79.4115299006549
1.412121212121212,79.6115299006549
1.412121212121212,80.0615299006549
1.412121212121212,80.0615299006549
1.412121212121212,80.0615299006549
1.412121212121212,80.3490299006549
1.412121212121212,80.94902990065489
1.412121212121212,80.94902990065489
1.412121212121212,80.94902990065489
1.412121212121212,81.44902990065489
1.412121212121212,81.54902990065489
1.412121212121212,81.8172117188367
1.412121212121212,82.0672117188367
1.412121212121212,82.0672117188367
1.412121212121212,82.5672117188367
1.412121212121212,82.5672117188367
1.412121212121212,82.5672117188367
1.412121212121212,82.5672117188367
1.412121212121212,82.78149743312241
1.412121212121212,82.78149743312241
1.412121212121212,82.78149743312241
1.412121212121212,82.78149743312241
1.412121212121212,82.78149743312241
1.412121212121212,83.32435457597956
1.412121212121212,83.27435457597956
1.412121212121212,83.27435457597956
1.412121212121212,83.27435457597956
1.412121212121212,84.07435457597956
1.412121212121212,84.07435457597956
1.412121212121212,84.07435457597956
1.412121212121212,84.07435457597956
1.412121212121212,84.07435457597956
1.412121212121212,84.07435457597956
1.412121212121212,84.07435457597956
1.412121212121212,84.49935457597955
1.412121212121212,84.89935457597956
1.412121212121212,84.89935457597956
1.412121212121212,84.89935457597956
1.412121212121212,85.19935457597956
1.412121212121212,85.39935457597956
1.412121212121212,85.69935457597956
1.412121212121212,86.09935457597956
1.412121212121212,86.2357182123432
1.412121212121212,86.2357182123432
1.412121212121212,86.2357182123432
1.412121212121212,86.2357182123432
1.412121212121212,86.34935457597956
1.412121212121212,86.34935457597956
1.412121212121212,86.34935457597956
1.412121212121212,86.34935457597956
1.412121212121212,85.94935457597956
1.412121212121212,86.44935457597956
1.412121212121212,86.44935457597956
1.412121212121212,86.84935457597956
1.412121212121212,86.84935457597956
1.412121212121212,86.84935457597956
1.412121212121212,86.84935457597956
1.412121212121212,86.84935457597956
1.412121212121212,87.06364029026527
1.412121212121212,87.20000392662891
1.412121212121212,87.20000392662891
1.412121212121212,87.20000392662891
1.412121212121212,87.3000039266289
1.412121212121212,87.3000039266289
1.412121212121212,87.3000039266289
1.412121212121212,87.1750039266289
1.412121212121212,87.1750039266289
1.412121212121212,87.1750039266289
1.412121212121212,87.1750039266289
1.412121212121212,87.1750039266289
1.412121212121212,87.0500039266289
1.412121212121212,87.0500039266289
1.412121212121212,87.0500039266289
1.412121212121212,87.0500039266289
1.412121212121212,87.0500039266289
1.412121212121212,87.0500039266289
1.412121212121212,87.0500039266289
1.412121212121212,87.1000039266289
1.412121212121212,87.1000039266289
1.412121212121212,87.1000039266289
1.412121212121212,87.1000039266289
1.412121212121212,87.1000039266289
1.412121212121212,87.1000039266289
1.412121212121212,87.1000039266289
1.412121212121212,87.1000039266289
1.412121212121212,87.1000039266289
1.412121212121212,87.9000039266289
1.412121212121212,87.9000039266289
1.412121212121212,87.9000039266289
1.412121212121212,87.9000039266289
1.412121212121212,87.9000039266289
1.412121212121212,88.1142896409146
1.412121212121212,88.1142896409146
1.412121212121212,88.32641085303582
1.412121212121212,88.32641085303582
1.412121212121212,88.32641085303582
1.412121212121212,88.37186539849037
1.412121212121212,88.37186539849037
1.412121212121212,88.91472254134752
1.412121212121212,88.91472254134752
1.412121212121212,88.91472254134752
1.412121212121212,88.91472254134752
1.412121212121212,88.91472254134752
1.412121212121212,88.91472254134752
1.412121212121212,88.91472254134752
1.412121212121212,88.91472254134752
1.412121212121212,88.91472254134752
1.412121212121212,89.04805587468086
1.412121212121212,89.04805587468086
1.412121212121212,89.04805587468086
1.412121212121212,89.04805587468086
1.412121212121212,89.04805587468086
1.412121212121212,89.04805587468086
1.412121212121212,89.20996063658562
1.412121212121212,89.90996063658562
1.412121212121212,90.05996063658563
1.412121212121212,90.21070349372849
1.412121212121212,90.41070349372849
1.412121212121212,90.71070349372849
1.412121212121212,90.71070349372849
1.412121212121212,90.71070349372849
1.412121212121212,90.71070349372849
1.412121212121212,90.71070349372849
1.412121212121212,90.71070349372849
1.412121212121212,90.71070349372849
1.412121212121212,90.41070349372849
1.412121212121212,90.41070349372849
1.412121212121212,90.5607034937285
1.412121212121212,90.5607034937285
1.412121212121212,91.16070349372849
1.412121212121212,91.3607034937285
1.412121212121212,91.3607034937285
1.412121212121212,91.3607034937285
1.412121212121212,91.3607034937285
1.412121212121212,91.4357034937285
1.412121212121212,91.4357034937285
1.412121212121212,91.4357034937285
1.412121212121212,90.9357034937285
1.412121212121212,91.1499892080142
1.412121212121212,91.1499892080142
1.412121212121212,91.1499892080142
